,0
EXT_MEAN,0.3228937114294518
CODE_GENDER,0.10823394029698488
BURO_DEBT_CREDIT_MAX,0.10758359010326662
AMT_ANNUITY,0.10553508270959149
PAYMENT_RATE,0.09747448459622071
GOODS_CREDIT,0.09688219847482883
ORGANIZATION_TYPE,0.09468131178991349
PREV_DAYS_LAST_DUE_1ST_VERSION_MAX,0.09186915516543746
EXT_SOURCE_3,0.09026432222556961
EXT_SOURCE_2,0.08513863774927762
NAME_FAMILY_STATUS,0.07659478382061737
INS_AMT_PAYMENT_SUM,0.06854053213385629
OWN_CAR_AGE,0.06379768450133948
DAYS_EMPLOYED,0.06180826473608186
NAME_EDUCATION_TYPE,0.06103738100830364
INS_LATE_MEAN,0.060699028499160985
OCCUPATION_TYPE,0.059040285238392436
DAYS_BIRTH,0.059000383461723274
EXT_SOURCE_1,0.05750104484007222
EXT_PROD,0.05411876252505835
BURO_DEBT_CREDIT_MEAN,0.048882373109186465
PREV_NAME_CONTRACT_STATUS_Refused_SHARE,0.04878343535350979
ANNUITY_INCOME,0.04850218994336627
DAYS_ID_PUBLISH,0.04206858243390386
POS_MONTHS_BALANCE_MAX,0.03860808943041717
AMT_GOODS_PRICE,0.03670539814688664
REGION_POPULATION_RELATIVE,0.03585194320549447
BURO_DAYS_ENDDATE_FACT_MAX,0.03525273456586756
FLAG_DOCUMENT_3,0.034208201460396055
PREV_DAYS_LAST_DUE_MAX,0.034168418437340746
INS_DPD_MEAN,0.03401132380395553
PREV_APP_CREDIT_RATIO_MIN,0.032089461798033715
FLAG_WORK_PHONE,0.03176156836073811
BURO_DAYS_CREDIT_ENDDATE_MAX,0.030311544432481873
PREV_AMT_ANNUITY_MEAN,0.028844719412768866
POS_CNT_INSTALMENT_FUTURE_MEAN,0.027923215108308398
DAYS_LAST_PHONE_CHANGE,0.026266031125876606
INS_PAY_RATIO_SUM,0.02596721595049013
CC_CNT_DRAWINGS_ATM_CURRENT_MEAN,0.025692138342962106
PREV_CNT_PAYMENT_MEAN,0.025513441272193137
POS_COUNT,0.025249093197638118
INS_AMT_PAYMENT_MAX,0.025157312187015668
REGION_RATING_CLIENT_W_CITY,0.02467676206470765
INS_AMT_PAYMENT_MEAN,0.024567985287306603
PREV_APP_CREDIT_RATIO_MEAN,0.02441178904330383
DEF_30_CNT_SOCIAL_CIRCLE,0.023836983022866416
EMPLOYED_AGE,0.022307225933693556
INS_PAY_DIFF_MEAN,0.02194856436497253
BURO_CREDIT_TYPE_Mortgage_SHARE,0.02169561576826645
BURO_AMT_CREDIT_SUM_MAX,0.02143778004635128
PREV_AMT_ANNUITY_MIN,0.021223741509679345
PREV_APP_CREDIT_RATIO_MAX,0.021140382466028687
INS_DBD_SUM,0.02106560203067424
CC_UTIL_MAX,0.020407668830014058
DAYS_REGISTRATION,0.020272921113216807
BURO_AMT_CREDIT_MAX_OVERDUE_MEAN,0.020067277335086616
PREV_DAYS_LAST_DUE_1ST_VERSION_MEAN,0.01962768603500458
BURO_AMT_CREDIT_SUM_SUM,0.0192659953467939
WEEKDAY_APPR_PROCESS_START,0.01919214461778557
BURO_DEBT_CREDIT_SUM,0.018104356506497346
AMT_CREDIT,0.017488324379984512
NAME_INCOME_TYPE,0.01728161164746628
BURO_AMT_CREDIT_MAX_OVERDUE_SUM,0.01725670205570852
INS_DBD_MAX,0.017116008707035467
BURO_AMT_CREDIT_MAX_OVERDUE_MAX,0.016281419768099527
BURO_AMT_CREDIT_SUM_DEBT_MEAN,0.01583278587029639
BURO_DAYS_CREDIT_MAX,0.01573600887964724
INS_PAY_RATIO_MEAN,0.01541534992327695
EXT_STD,0.015156946783895398
BURO_AMT_CREDIT_SUM_DEBT_MAX,0.014749579214900794
POS_SK_DPD_DEF_MEAN,0.014732282615529368
REG_CITY_NOT_LIVE_CITY,0.01472614738815577
BURO_DAYS_CREDIT_MEAN,0.014669091074995779
AMT_REQ_CREDIT_BUREAU_QRT,0.014558263565481963
PREV_DAYS_DECISION_MIN,0.013556979915814156
BURO_DAYS_CREDIT_SUM,0.013533570524963935
PREV_AMT_DOWN_PAYMENT_MAX,0.013362552467195001
FLAG_OWN_CAR,0.013310828612045111
CC_CNT_DRAWINGS_CURRENT_MEAN,0.012893702288096517
PREV_HOUR_APPR_PROCESS_START_MEAN,0.012768850159134728
PREV_SELLERPLACE_AREA_MAX,0.012678298650506336
PREV_SELLERPLACE_AREA_MEAN,0.01254779648514918
INS_PAY_DIFF_MAX,0.01253338270416377
INS_PAY_DIFF_SUM,0.012531702048349039
PREV_CNT_PAYMENT_MAX,0.011981668996668759
POS_MONTHS_BALANCE_MEAN,0.011865978686509002
PREV_AMT_GOODS_PRICE_MIN,0.011516820870553836
PREV_DAYS_TERMINATION_MAX,0.011516282816174592
NAME_CONTRACT_TYPE,0.011300678148348285
BURO_AMT_CREDIT_SUM_MEAN,0.011100326533928728
INCOME_PER_PERSON,0.011023464227075154
AMT_INCOME_TOTAL,0.010960377536655113
CREDIT_INCOME,0.010629518965570019
BURO_BB_MONTHS_SUM,0.01042401893759723
PREV_NAME_CONTRACT_STATUS_Approved_SHARE,0.010256628549795272
INS_DPD_MAX,0.01007077738198437
DEF_60_CNT_SOCIAL_CIRCLE,0.009975328780541779
PREV_AMT_DOWN_PAYMENT_MEAN,0.00984559201852663
INS_COUNT,0.009708236222604617
BURO_CREDIT_TYPE_Car_loan_SHARE,0.009565322393317456
BURO_AMT_CREDIT_SUM_DEBT_SUM,0.009327823592417028
BURO_AMT_CREDIT_SUM_LIMIT_MEAN,0.009013219420379392
CC_AMT_PAYMENT_TOTAL_CURRENT_MEAN,0.00900175714299841
CC_UTIL_MEAN,0.008949026822987607
PREV_DAYS_FIRST_DUE_MAX,0.008945735098898
PREV_DAYS_FIRST_DUE_MIN,0.008840748962792947
PREV_DAYS_LAST_DUE_1ST_VERSION_MIN,0.008447077873969524
PREV_DAYS_FIRST_DRAWING_MAX,0.008422447526501403
BURO_DAYS_CREDIT_UPDATE_MAX,0.008352569440299332
YEARS_BEGINEXPLUATATION_MODE,0.008342381954462916
BURO_DAYS_CREDIT_ENDDATE_SUM,0.008301236146093299
PREV_RATE_DOWN_PAYMENT_MIN,0.008296440727976523
BURO_BB_BAD_SHARE_MEAN,0.008275551072286155
POS_CNT_INSTALMENT_MAX,0.008257893189092752
BURO_CREDIT_TYPE_Consumer_credit_SHARE,0.007925846966251043
PREV_AMT_ANNUITY_MAX,0.007734508107043789
PREV_DAYS_FIRST_DRAWING_MEAN,0.007501571915205189
PREV_NAME_CONTRACT_TYPE_Consumer_loans_SHARE,0.00746243511721839
BURO_DAYS_CREDIT_ENDDATE_MEAN,0.007347586145876404
TOTALAREA_MODE,0.007324627527621701
PREV_DAYS_DECISION_MAX,0.007128002553688682
PREV_DAYS_FIRST_DUE_MEAN,0.0071207052834406865
CC_AMT_DRAWINGS_ATM_CURRENT_MEAN,0.007026508530617246
POS_SK_DPD_DEF_MAX,0.0070116212200532785
CC_AMT_PAYMENT_CURRENT_MEAN,0.006974943696767754
BURO_CREDIT_TYPE_Microloan_SHARE,0.006900093121596829
HOUR_APPR_PROCESS_START,0.006766895001751858
PREV_DAYS_TERMINATION_MEAN,0.006505607872996661
PREV_DAYS_LAST_DUE_MEAN,0.006400222355284466
BURO_CREDIT_TYPE_Credit_card_SHARE,0.006357185823821173
PREV_NAME_CONTRACT_STATUS_Canceled_SHARE,0.006272035560267773
PREV_AMT_GOODS_PRICE_MEAN,0.00626593703549111
CC_AMT_CREDIT_LIMIT_ACTUAL_MEAN,0.006201578311573392
BURO_DAYS_ENDDATE_FACT_MEAN,0.006164738453500361
CC_CNT_DRAWINGS_CURRENT_MAX,0.006143247853561296
NAME_HOUSING_TYPE,0.005965510961032656
YEARS_BEGINEXPLUATATION_MEDI,0.005934657552585317
WALLSMATERIAL_MODE,0.005811017865113983
PREV_DAYS_FIRST_DRAWING_MIN,0.005671696138752501
PREV_DAYS_DECISION_MEAN,0.0056182495769366856
BURO_ACTIVE_COUNT,0.00551218452710824
APARTMENTS_MEDI,0.0054979065429783085
PREV_RATE_DOWN_PAYMENT_MEAN,0.005444974342164279
INS_DBD_MEAN,0.005444478937296936
PREV_AMT_APPLICATION_MEAN,0.005436021494603467
POS_CNT_INSTALMENT_MEAN,0.005415474821565631
PREV_AMT_CREDIT_MAX,0.005297295427271005
PREV_HOUR_APPR_PROCESS_START_MAX,0.0052757152740240745
POS_SK_DPD_MEAN,0.005268641624275411
BURO_DAYS_CREDIT_UPDATE_SUM,0.005181886205420954
BURO_DAYS_ENDDATE_FACT_SUM,0.005130018891011757
BASEMENTAREA_AVG,0.005001072615857789
YEARS_BUILD_MODE,0.004896959280891575
AMT_REQ_CREDIT_BUREAU_YEAR,0.004889514309861206
BURO_BB_MONTHS_MEAN,0.004879097738946611
PREV_RATE_DOWN_PAYMENT_MAX,0.004872024317672465
BURO_CREDIT_ACTIVE_Closed_SHARE,0.004835905995263183
PREV_NAME_CONTRACT_TYPE_Cash_loans_SHARE,0.0046873139301275854
CC_CNT_INSTALMENT_MATURE_CUM_MEAN,0.0046768323291555
OBS_30_CNT_SOCIAL_CIRCLE,0.004653561269338884
FLAG_PHONE,0.004626295750592245
INS_DPD_SUM,0.004594497261578176
PREV_AMT_CREDIT_MIN,0.0044631414059841034
CC_MONTHS_BALANCE_MEAN,0.004435329340044196
PREV_AMT_CREDIT_MEAN,0.0044041537188455404
LIVINGAPARTMENTS_MEDI,0.004392795482369445
LIVINGAREA_MEDI,0.004220737977762045
PREV_COUNT,0.004208650979581128
PREV_HOUR_APPR_PROCESS_START_MIN,0.004199753142694103
PREV_DAYS_LAST_DUE_MIN,0.004137697170646807
BURO_DAYS_CREDIT_UPDATE_MEAN,0.004126507650425416
PREV_AMT_APPLICATION_MIN,0.004119565866659527
FONDKAPREMONT_MODE,0.004099483166437083
BASEMENTAREA_MODE,0.004093346146369759
LANDAREA_AVG,0.004076727509928609
PREV_DAYS_TERMINATION_MIN,0.00399312341919702
LIVINGAREA_MODE,0.00388646035585499
YEARS_BEGINEXPLUATATION_AVG,0.0038847832367009468
CC_AMT_DRAWINGS_CURRENT_MEAN,0.0038784940512489926
NAME_TYPE_SUITE,0.0037930521566888857
BURO_AMT_CREDIT_SUM_LIMIT_MAX,0.0037665157494707023
FLAG_DOCUMENT_18,0.0037448953785493523
LANDAREA_MEDI,0.0037206527531997097
CC_AMT_RECIVABLE_MAX,0.0036134161072552814
BURO_CREDIT_ACTIVE_Active_SHARE,0.003611618286506581
CC_AMT_RECEIVABLE_PRINCIPAL_MAX,0.0035738856044622174
ENTRANCES_AVG,0.003566151123845994
BURO_BB_BAD_SHARE_MAX,0.003486185649744322
PREV_AMT_DOWN_PAYMENT_MIN,0.003458975652253342
CC_AMT_TOTAL_RECEIVABLE_MAX,0.0034234862832298887
BURO_BB_MONTHS_MAX,0.003417871213722971
ENTRANCES_MEDI,0.00341078544679191
PREV_NFLAG_INSURED_ON_APPROVAL_MEAN,0.0034040880802383567
PREV_AMT_APPLICATION_MAX,0.0033872300476053005
FLAG_DOCUMENT_16,0.0033749633761479716
LIVINGAPARTMENTS_AVG,0.0033337395005691604
PREV_AMT_GOODS_PRICE_MAX,0.003319854827391126
PREV_SELLERPLACE_AREA_MIN,0.0033147679350418804
APARTMENTS_AVG,0.0033047737409544597
POS_CNT_INSTALMENT_FUTURE_MAX,0.003234541561277858
LIVINGAREA_AVG,0.0032314390813204122
OBS_60_CNT_SOCIAL_CIRCLE,0.0032229517185826716
YEARS_BUILD_AVG,0.0032036292629458963
APARTMENTS_MODE,0.003132219896964655
LANDAREA_MODE,0.0030201204741725053
REGION_RATING_CLIENT,0.003002365224439734
NONLIVINGAREA_AVG,0.0029296306005904553
CC_AMT_PAYMENT_CURRENT_MAX,0.002897606010724549
NONLIVINGAREA_MODE,0.002858042479891483
CC_COUNT,0.002788142912751625
BURO_AMT_ANNUITY_MAX,0.0027842031039958587
ENTRANCES_MODE,0.002716146065706622
COMMONAREA_MEDI,0.0027020584438905565
CC_AMT_BALANCE_MEAN,0.0026015613708826393
CC_AMT_DRAWINGS_POS_CURRENT_MAX,0.002577539474174106
INS_LATE_SUM,0.00256060986190517
BASEMENTAREA_MEDI,0.002445688109976428
CC_AMT_BALANCE_MAX,0.0023511414812862584
N_MISSING_APP,0.0023318750763329623
CC_CNT_DRAWINGS_POS_CURRENT_MAX,0.0023273724728836522
YEARS_BUILD_MEDI,0.0023244420004527168
BURO_AMT_CREDIT_SUM_LIMIT_SUM,0.0022500745420265082
CC_CNT_DRAWINGS_POS_CURRENT_MEAN,0.0022495305462272176
BURO_AMT_ANNUITY_MEAN,0.0022473012741084527
LIVINGAPARTMENTS_MODE,0.002159425296015982
BURO_COUNT,0.0021466115657407807
CC_AMT_DRAWINGS_ATM_CURRENT_MAX,0.0021463733718072742
NONLIVINGAPARTMENTS_MODE,0.0021082878456595783
COMMONAREA_MODE,0.002080710094321715
CNT_FAM_MEMBERS,0.002012404690379359
CC_AMT_INST_MIN_REGULARITY_MAX,0.0019768533604813195
LIVE_CITY_NOT_WORK_CITY,0.0018911084433563068
AMT_REQ_CREDIT_BUREAU_MON,0.0018730454636329225
CC_AMT_RECEIVABLE_PRINCIPAL_MEAN,0.0018614681441758499
PREV_NAME_CONTRACT_TYPE_Revolving_loans_SHARE,0.001831768977703684
COMMONAREA_AVG,0.0017774170772909723
BURO_AMT_ANNUITY_SUM,0.0017670364388737124
FLOORSMIN_AVG,0.0017474336148800703
POS_SK_DPD_MAX,0.0017249371458456359
NONLIVINGAREA_MEDI,0.0017017625453463348
CC_CNT_DRAWINGS_ATM_CURRENT_MAX,0.0016900146160464178
PREV_CNT_PAYMENT_MIN,0.001575090466522775
CC_AMT_PAYMENT_TOTAL_CURRENT_MAX,0.001564798139000762
CC_AMT_DRAWINGS_OTHER_CURRENT_MAX,0.0015395427860882417
NONLIVINGAPARTMENTS_MEDI,0.0015207276351817459
CC_AMT_TOTAL_RECEIVABLE_MEAN,0.001476780606757726
CC_AMT_INST_MIN_REGULARITY_MEAN,0.0014732305744840795
FLOORSMIN_MODE,0.0014577374528593804
NONLIVINGAPARTMENTS_AVG,0.0014457577129967211
FLOORSMAX_AVG,0.001429373903001407
BURO_CREDIT_ACTIVE_Sold_SHARE,0.0014249012480354248
FLOORSMAX_MODE,0.0013914975994126478
CC_AMT_RECIVABLE_MEAN,0.0013893126616867626
CC_AMT_DRAWINGS_CURRENT_MAX,0.0013458341920520465
CC_AMT_DRAWINGS_POS_CURRENT_MEAN,0.0012842596976324783
CC_AMT_CREDIT_LIMIT_ACTUAL_MAX,0.0012679026252705621
BURO_AMT_CREDIT_SUM_OVERDUE_MEAN,0.0012659850345287922
INS_PAY_RATIO_MAX,0.0011986510812034314
FLOORSMAX_MEDI,0.0011231761389652387
FLAG_DOCUMENT_13,0.0010746140678096136
FLOORSMIN_MEDI,0.0010536653015350852
FLAG_EMAIL,0.0010451893117005388
BURO_AMT_CREDIT_SUM_OVERDUE_MAX,0.000956054057093663
FLAG_OWN_REALTY,0.0009423940319610919
CC_CNT_INSTALMENT_MATURE_CUM_MAX,0.0009091288039290522
ELEVATORS_MODE,0.0008929500454524172
CC_SK_DPD_DEF_MEAN,0.0008923512963491229
LIVE_REGION_NOT_WORK_REGION,0.0008614696626123262
BURO_BB_BAD_SHARE_SUM,0.0008224530660575184
CC_SK_DPD_MEAN,0.0007655484977808254
CNT_CHILDREN,0.0007491956010317669
ELEVATORS_AVG,0.0007411810379482299
BURO_AMT_CREDIT_SUM_OVERDUE_SUM,0.0007373793445617716
BURO_CREDIT_TYPE_Another_type_of_loan_SHARE,0.0007086695032404634
INS_LATE_MAX,0.0006948855677382673
ELEVATORS_MEDI,0.0006857205480663177
AMT_REQ_CREDIT_BUREAU_WEEK,0.0006036301550486191
REG_REGION_NOT_WORK_REGION,0.0005830843230308102
REG_CITY_NOT_WORK_CITY,0.0005793349182842891
FLAG_DOCUMENT_8,0.0005782570871742467
CC_AMT_DRAWINGS_OTHER_CURRENT_MEAN,0.0005526611041378352
PREV_NAME_CONTRACT_STATUS_Unused_offer_SHARE,0.0005249024821423829
AMT_REQ_CREDIT_BUREAU_DAY,0.0004252800353390061
FLAG_EMP_PHONE,0.00037673444547644397
CC_MONTHS_BALANCE_MAX,0.00037395906359628003
BURO_CNT_CREDIT_PROLONG_MEAN,0.0003618850803517614
FLAG_DOCUMENT_6,0.0002948625814430039
PREV_RATE_INTEREST_PRIVILEGED_MEAN,0.00026497483170985915
BURO_CREDIT_DAY_OVERDUE_SUM,0.000264131207492101
FLAG_DOCUMENT_11,0.00024069148016662395
PREV_NFLAG_INSURED_ON_APPROVAL_MAX,0.000225537069048621
HOUSETYPE_MODE,0.00021572023635553625
CC_SK_DPD_MAX,0.00020024024658870485
CC_CNT_DRAWINGS_OTHER_CURRENT_MEAN,0.00019804148069216469
BURO_CREDIT_DAY_OVERDUE_MAX,0.00015290971399146505
PREV_NFLAG_LAST_APPL_IN_DAY_MEAN,0.00014403984179831443
CC_CNT_DRAWINGS_OTHER_CURRENT_MAX,0.00010190252330905054
PREV_RATE_INTEREST_PRIMARY_MEAN,9.794584207922922e-05
PREV_RATE_INTEREST_PRIMARY_MAX,7.84810417508285e-05
FLAG_DOCUMENT_14,7.817973134032428e-05
BURO_CREDIT_TYPE_Loan_for_business_development_SHARE,5.406530047808611e-05
BURO_CNT_CREDIT_PROLONG_MAX,5.39300747324526e-05
BURO_CREDIT_DAY_OVERDUE_MEAN,4.9826424318269344e-05
CC_SK_DPD_DEF_MAX,4.85787369988123e-05
PREV_RATE_INTEREST_PRIMARY_MIN,2.4864600054585625e-05
PREV_NFLAG_INSURED_ON_APPROVAL_MIN,2.2537698437955696e-05
BURO_CREDIT_TYPE_Loan_for_working_capital_replenishment_SHARE,2.1997991327038273e-05
PREV_NAME_CONTRACT_TYPE_XNA_SHARE,1.8462199213771863e-05
EMERGENCYSTATE_MODE,1.818839615584903e-05
BURO_CREDIT_ACTIVE_Bad_debt_SHARE,0.0
BURO_CNT_CREDIT_PROLONG_SUM,0.0
BURO_CREDIT_TYPE_Interbank_credit_SHARE,0.0
BURO_CREDIT_TYPE_Cash_loan_(non-earmarked)_SHARE,0.0
AMT_REQ_CREDIT_BUREAU_HOUR,0.0
PREV_NFLAG_LAST_APPL_IN_DAY_MAX,0.0
BURO_CREDIT_TYPE_Loan_for_the_purchase_of_equipment_SHARE,0.0
BURO_CREDIT_TYPE_Mobile_operator_loan_SHARE,0.0
BURO_CREDIT_TYPE_Real_estate_loan_SHARE,0.0
FLAG_DOCUMENT_21,0.0
PREV_NFLAG_LAST_APPL_IN_DAY_MIN,0.0
DAYS_EMPLOYED_ANOM,0.0
BURO_CREDIT_TYPE_Unknown_type_of_loan_SHARE,0.0
BURO_CREDIT_TYPE_Loan_for_purchase_of_shares_(margin_lending)_SHARE,0.0
FLAG_DOCUMENT_7,0.0
FLAG_DOCUMENT_5,0.0
PREV_RATE_INTEREST_PRIVILEGED_MAX,0.0
PREV_RATE_INTEREST_PRIVILEGED_MIN,0.0
FLAG_DOCUMENT_19,0.0
FLAG_DOCUMENT_17,0.0
FLAG_DOCUMENT_20,0.0
FLAG_DOCUMENT_10,0.0
FLAG_DOCUMENT_15,0.0
FLAG_DOCUMENT_12,0.0
FLAG_DOCUMENT_9,0.0
FLAG_MOBIL,0.0
FLAG_DOCUMENT_4,0.0
FLAG_DOCUMENT_2,0.0
FLAG_CONT_MOBILE,0.0
REG_REGION_NOT_LIVE_REGION,0.0
