feature,missing_rate,default_if_missing,default_if_observed,diff
DAYS_EMPLOYED,0.18007160719453938,0.05399646043269404,0.0865997453765215,-0.03260328494382746
EMPLOYED_AGE,0.18007160719453938,0.05399646043269404,0.0865997453765215,-0.03260328494382746
AMT_REQ_CREDIT_BUREAU_DAY,0.13501630835970097,0.10337435872732965,0.07719405094890072,0.026180307778428932
AMT_REQ_CREDIT_BUREAU_MON,0.13501630835970097,0.10337435872732965,0.07719405094890072,0.026180307778428932
AMT_REQ_CREDIT_BUREAU_QRT,0.13501630835970097,0.10337435872732965,0.07719405094890072,0.026180307778428932
AMT_REQ_CREDIT_BUREAU_YEAR,0.13501630835970097,0.10337435872732965,0.07719405094890072,0.026180307778428932
AMT_REQ_CREDIT_BUREAU_WEEK,0.13501630835970097,0.10337435872732965,0.07719405094890072,0.026180307778428932
AMT_REQ_CREDIT_BUREAU_HOUR,0.13501630835970097,0.10337435872732965,0.07719405094890072,0.026180307778428932
OCCUPATION_TYPE,0.31345545362604915,0.06513056198192778,0.08785051155740811,-0.022719949575480333
EMERGENCYSTATE_MODE,0.47398304450897694,0.09260745772014682,0.07002522317564727,0.02258223454449955
TOTALAREA_MODE,0.4826851722377411,0.09233920137976569,0.06989564998742771,0.022443551392337974
ENTRANCES_MODE,0.503487680115508,0.09178572351254295,0.06951658010387535,0.022269143408667605
ENTRANCES_AVG,0.503487680115508,0.09178572351254295,0.06951658010387535,0.022269143408667605
ENTRANCES_MEDI,0.503487680115508,0.09178572351254295,0.06951658010387535,0.022269143408667605
FLOORSMAX_MEDI,0.4976082156410665,0.09190955430662659,0.06965454298308639,0.0222550113235402
FLOORSMAX_MODE,0.4976082156410665,0.09190955430662659,0.06965454298308639,0.0222550113235402
FLOORSMAX_AVG,0.4976082156410665,0.09190955430662659,0.06965454298308639,0.0222550113235402
YEARS_BEGINEXPLUATATION_MEDI,0.48781019215572774,0.09204903771157345,0.06994742990654206,0.022101607805031398
YEARS_BEGINEXPLUATATION_MODE,0.48781019215572774,0.09204903771157345,0.06994742990654206,0.022101607805031398
YEARS_BEGINEXPLUATATION_AVG,0.48781019215572774,0.09204903771157345,0.06994742990654206,0.022101607805031398
ELEVATORS_MEDI,0.532959796560123,0.0910056073853964,0.06900153182008077,0.022004075565315626
ELEVATORS_MODE,0.532959796560123,0.0910056073853964,0.06900153182008077,0.022004075565315626
ELEVATORS_AVG,0.532959796560123,0.0910056073853964,0.06900153182008077,0.022004075565315626
APARTMENTS_MEDI,0.5074972927797705,0.09153472039779317,0.06959392538791681,0.021940795009876363
APARTMENTS_AVG,0.5074972927797705,0.09153472039779317,0.06959392538791681,0.021940795009876363
APARTMENTS_MODE,0.5074972927797705,0.09153472039779317,0.06959392538791681,0.021940795009876363
HOUSETYPE_MODE,0.50176091261776,0.09151182459801552,0.06986959416241335,0.021642230435602164
LIVINGAREA_MEDI,0.5019332641759157,0.09142209264658244,0.06995253360842513,0.02146955903815731
LIVINGAREA_AVG,0.5019332641759157,0.09142209264658244,0.06995253360842513,0.02146955903815731
LIVINGAREA_MODE,0.5019332641759157,0.09142209264658244,0.06995253360842513,0.02146955903815731
WALLSMATERIAL_MODE,0.508407829313423,0.09128123780710115,0.06981543957134352,0.02146579823575763
NONLIVINGAREA_MODE,0.5517916432257708,0.0903454697610825,0.06888971116383344,0.02145575859724906
NONLIVINGAREA_MEDI,0.5517916432257708,0.0903454697610825,0.06888971116383344,0.02145575859724906
NONLIVINGAREA_AVG,0.5517916432257708,0.0903454697610825,0.06888971116383344,0.02145575859724906
EXT_STD,0.12002497471635161,0.0991357121569265,0.07821819498747237,0.020917517169454128
BASEMENTAREA_AVG,0.5851595552679416,0.08912822393758023,0.0688809105731845,0.020247313364395725
BASEMENTAREA_MEDI,0.5851595552679416,0.08912822393758023,0.0688809105731845,0.020247313364395725
BASEMENTAREA_MODE,0.5851595552679416,0.08912822393758023,0.0688809105731845,0.020247313364395725
LANDAREA_MODE,0.5937673774271489,0.08819760118297826,0.06981212126063673,0.018385479922341533
LANDAREA_MEDI,0.5937673774271489,0.08819760118297826,0.06981212126063673,0.018385479922341533
LANDAREA_AVG,0.5937673774271489,0.08819760118297826,0.06981212126063673,0.018385479922341533
YEARS_BUILD_AVG,0.6649778381911542,0.0868070498024334,0.06866427885035381,0.018142770952079584
YEARS_BUILD_MODE,0.6649778381911542,0.0868070498024334,0.06866427885035381,0.018142770952079584
YEARS_BUILD_MEDI,0.6649778381911542,0.0868070498024334,0.06866427885035381,0.018142770952079584
FLOORSMIN_AVG,0.6784862980511266,0.0863105223301157,0.06894982249238892,0.017360699837726784
FLOORSMIN_MEDI,0.6784862980511266,0.0863105223301157,0.06894982249238892,0.017360699837726784
FLOORSMIN_MODE,0.6784862980511266,0.0863105223301157,0.06894982249238892,0.017360699837726784
LIVINGAPARTMENTS_MODE,0.6835495315614726,0.08621354050209563,0.06888153567905295,0.017332004823042688
LIVINGAPARTMENTS_MEDI,0.6835495315614726,0.08621354050209563,0.06888153567905295,0.017332004823042688
LIVINGAPARTMENTS_AVG,0.6835495315614726,0.08621354050209563,0.06888153567905295,0.017332004823042688
FONDKAPREMONT_MODE,0.6838617155158677,0.0861884495589529,0.06891869651086241,0.01726975304809049
NONLIVINGAPARTMENTS_MEDI,0.6943296337366793,0.08583512088200305,0.06912986584678234,0.016705255035220717
NONLIVINGAPARTMENTS_AVG,0.6943296337366793,0.08583512088200305,0.06912986584678234,0.016705255035220717
NONLIVINGAPARTMENTS_MODE,0.6943296337366793,0.08583512088200305,0.06912986584678234,0.016705255035220717
COMMONAREA_AVG,0.6987229725115525,0.08574221022502501,0.06910174211514798,0.01664046810987703
COMMONAREA_MEDI,0.6987229725115525,0.08574221022502501,0.06910174211514798,0.01664046810987703
COMMONAREA_MODE,0.6987229725115525,0.08574221022502501,0.06910174211514798,0.01664046810987703
EXT_SOURCE_3,0.19825307062186392,0.09311900270647093,0.07766501991514768,0.015453982791323248
OWN_CAR_AGE,0.6599081008484249,0.08500017247411656,0.0724407641850414,0.01255940828907516
EXT_PROD,0.643625756477004,0.0850183405584018,0.07298177736816651,0.012036563190235286
EXT_SOURCE_1,0.5638107254699832,0.08519535350505832,0.07495545466067262,0.010239898844385698
